"3","468165874454","عبدالعزيز حمبي","2022-06-21T12:20","0598875516","3",NULL,NULL,"1","2021-08-09 10:19:07","2021-08-12 08:16:06"
"4","468165874454","عبدالعزيز حمبي","2022-06-21T12:20","0598875516","3",NULL,NULL,"1","2021-08-09 10:19:55","2021-08-12 08:16:06"
"5","468165874454","عبدالعزيز حمبي","2022-06-21T12:20","0598875516","3",NULL,NULL,"1","2021-08-09 10:20:54","2021-08-12 08:16:06"
"6","468165874454","عبدالعزيز حمبي","2022-06-21T12:20","0598875516","3",NULL,NULL,"1","2021-08-09 10:21:19","2021-08-12 08:16:06"
"7","468165874454","عبدالعزيز حمبي","2022-06-21T12:20","0598875516","3",NULL,NULL,"1","2021-08-09 12:06:40","2021-08-12 08:16:06"
"8","468165874454","عبدالعزيز حمبي","2022-06-21T12:20","0598875516","3",NULL,NULL,"1","2021-08-09 12:07:31","2021-08-12 08:16:06"
"9","468165874454","عبدالعزيز حمبي","2022-06-21T12:20","0598875516","3",NULL,NULL,"6","2021-08-09 12:09:24","2021-08-12 08:16:06"
"10","8874422106989","عبدالعزيز جمزة سمران الحربي","2021-08-11T15:06","0598875516","10",NULL,NULL,"5","2021-08-09 12:10:24","2021-08-11 12:36:41"
"11","468165874454","عبدالعزيز حمبي","2022-06-21T12:20","0598875516","3",NULL,NULL,"1","2021-08-09 12:11:06","2021-08-12 08:16:06"
"12","468165874454","عبدالعزيز حمبي","2022-06-21T12:20","0598875516","5",NULL,NULL,"1","2021-08-09 12:12:10","2021-08-12 08:18:07"
"13","468165874454","عبدالعزيز حمبي","2022-06-21T12:20","0598875516","3",NULL,NULL,"1","2021-08-09 12:12:43","2021-08-12 08:16:06"
"14","468165874454","عبدالعزيز حمبي","2022-06-21T12:20","0598875516","3",NULL,NULL,"1","2021-08-09 12:13:17","2021-08-12 08:16:06"
"15","5577787488888","عبدالعزيز جمزة سمران الحربي","2021-07-27T15:06","0598875516","2",NULL,NULL,"1","2021-08-09 12:13:34","2021-08-09 12:13:34"
"16","468165874454","عبدالعزيز حمبي","2022-06-21T12:20","0598875516","3",NULL,NULL,"1","2021-08-09 12:14:11","2021-08-12 08:16:06"
"17","468165874454","عبدالعزيز حمبي","2022-06-21T12:20","0598875516","3",NULL,NULL,"1","2021-08-09 12:15:22","2021-08-12 08:16:06"
"18","468165874454","عبدالعزيز حمبي","2022-06-21T12:20","0598875516","3",NULL,NULL,"1","2021-08-09 12:15:34","2021-08-12 08:16:06"
"19","468165874454","عبدالعزيز حمبي","2022-06-21T12:20","0598875516","3",NULL,NULL,"1","2021-08-09 12:15:50","2021-08-12 08:16:06"
"20","468165874454","عبدالعزيز حمبي","2022-06-21T12:20","0598875516","7",NULL,NULL,"1","2021-08-09 12:15:58","2021-08-12 08:20:45"
"21","468165874454","عبدالعزيز حمبي","2022-06-21T12:20","0598875516","3",NULL,NULL,"1","2021-08-09 12:16:30","2021-08-12 08:16:06"
"22","468165874454","عبدالعزيز حمبي","2022-06-21T12:20","0598875516","12",NULL,NULL,"1","2021-08-09 12:17:00","2021-08-12 08:20:36"
"23","468165874454","عبدالعزيز حمبي","2021-08-12T11:20","0598875516","3",NULL,NULL,"1","2021-08-09 12:20:09","2021-08-12 08:33:06"
"24","468165874454","عبدالعزيز حمبي","2022-06-21T12:20","0598875516","10",NULL,NULL,"1","2021-08-09 12:20:09","2021-08-12 08:18:24"
"25","468165874454","عبدالعزيز حمبي","2022-06-21T12:20","0598875516","3",NULL,NULL,"1","2021-08-09 10:20:54","2021-08-12 08:16:06"
"26","468165874454","عبدالعزيز حمبي","2023-06-21T12:20","0598875516","3",NULL,NULL,"7","2021-08-10 09:21:35","2021-08-12 08:32:08"
"27","1098496366","عبدالعزيز حمبي","2021-08-11T02:30","0598875516","3",NULL,NULL,"7","2021-08-10 09:24:26","2021-08-11 12:37:20"
"28","1098496365","فيصل الحربي","2021-08-16T07:35","0598875516","7",NULL,NULL,"1","2021-08-16 08:17:37","2021-08-16 08:17:37"
"29","1098496365","فيصل الحربي","2021-08-16T07:35","0598875516","7",NULL,NULL,"1","2021-08-16 08:21:16","2021-08-16 08:21:16"
"30","1098496365","فيصل الحربي","2021-08-26T07:35","0598875516","7",NULL,NULL,"1","2021-08-16 08:21:38","2021-08-16 08:21:38"
"31","1098496365","فيصل الحربي","2021-08-26T17:25","0598875516","7",NULL,NULL,"1","2021-08-16 08:22:01","2021-08-16 08:22:01"
"32","1098496365","فيصل الحربي","2021-08-26T17:25","0598875516","7",NULL,NULL,"1","2021-08-16 08:22:01","2021-08-16 08:22:01"
"33","1098496365","فيصل الحربي","2021-08-26T07:35","0598875516","7",NULL,NULL,"1","2021-08-16 08:21:38","2021-08-16 08:21:38"
"34","468165874454","عبدالعزيز حمبي","2023-06-21T12:20","0598875516","3",NULL,NULL,"7","2021-08-10 09:21:35","2021-08-12 08:32:08"
"35","468165874454","عبدالعزيز حمبي","2022-06-21T12:20","0598875516","3",NULL,NULL,"1","2021-08-09 10:20:54","2021-08-12 08:16:06"
"36","468165874454","عبدالعزيز حمبي","2022-06-21T12:20","0598875516","3",NULL,NULL,"1","2021-08-09 10:20:54","2021-08-12 08:16:06"
"37","468165874454","عبدالعزيز حمبي","2023-06-21T12:20","0598875516","3",NULL,NULL,"7","2021-08-10 09:21:35","2021-08-12 08:32:08"
"38","1098496365","فيصل الحربي","2021-08-26T07:35","0598875516","7",NULL,NULL,"1","2021-08-16 08:21:38","2021-08-16 08:21:38"
"39","1098496365","فيصل الحربي","2021-08-26T17:25","0598875516","7",NULL,NULL,"1","2021-08-16 08:22:01","2021-08-16 08:22:01"
"40","1098496365","فيصل الحربي","2021-08-26T17:25","0598875516","7",NULL,NULL,"1","2021-08-16 08:22:01","2021-08-16 08:22:01"
"41","1098496365","فيصل الحربي","2021-08-26T07:35","0598875516","7",NULL,NULL,"1","2021-08-16 08:21:38","2021-08-16 08:21:38"
"42","1098496365","فيصل الحربي","2021-08-26T07:35","0598875516","7",NULL,NULL,"1","2021-08-16 08:21:38","2021-08-16 08:21:38"
"43","1098496365","فيصل الحربي","2021-08-26T17:25","0598875516","7",NULL,NULL,"1","2021-08-16 08:22:01","2021-08-16 08:22:01"
"44","1098496365","فيصل الحربي","2021-08-26T17:25","0598875516","7",NULL,NULL,"1","2021-08-16 08:22:01","2021-08-16 08:22:01"
"45","1098496365","فيصل الحربي","2021-08-26T07:35","0598875516","7",NULL,NULL,"1","2021-08-16 08:21:38","2021-08-16 08:21:38"
"46","468165874454","عبدالعزيز حمبي","2023-06-21T12:20","0598875516","3",NULL,NULL,"7","2021-08-10 09:21:35","2021-08-12 08:32:08"
"47","468165874454","عبدالعزيز حمبي","2022-06-21T12:20","0598875516","3",NULL,NULL,"1","2021-08-09 10:20:54","2021-08-12 08:16:06"
"48","468165874454","عبدالعزيز حمبي","2022-06-21T12:20","0598875516","3",NULL,NULL,"1","2021-08-09 10:20:54","2021-08-12 08:16:06"
"49","468165874454","عبدالعزيز حمبي","2023-06-21T12:20","0598875516","3",NULL,NULL,"7","2021-08-10 09:21:35","2021-08-12 08:32:08"
"50","1098496365","فيصل الحربي","2021-08-26T07:35","0598875516","7",NULL,NULL,"1","2021-08-16 08:21:38","2021-08-16 08:21:38"
"51","1098496365","فيصل الحربي","2021-08-26T17:25","0598875516","7",NULL,NULL,"1","2021-08-16 08:22:01","2021-08-16 08:22:01"
"52","1098496365","فيصل الحربي","2021-08-26T17:25","0598875516","7",NULL,NULL,"1","2021-08-16 08:22:01","2021-08-16 08:22:01"
"53","1098496365","فيصل الحربي","2021-08-26T07:35","0598875516","7",NULL,NULL,"1","2021-08-16 08:21:38","2021-08-16 08:21:38"
"54","1098496365","فيصل الحربي","2021-08-16T07:35","0598875516","7",NULL,NULL,"1","2021-08-16 08:21:16","2021-08-16 08:21:16"
"55","1098496365","فيصل الحربي","2021-08-16T07:35","0598875516","7",NULL,NULL,"1","2021-08-16 08:17:37","2021-08-16 08:17:37"
"56","1098496366","عبدالعزيز حمبي","2021-08-11T02:30","0598875516","3",NULL,NULL,"7","2021-08-10 09:24:26","2021-08-11 12:37:20"
"57","468165874454","عبدالعزيز حمبي","2023-06-21T12:20","0598875516","3",NULL,NULL,"7","2021-08-10 09:21:35","2021-08-12 08:32:08"
"58","468165874454","عبدالعزيز حمبي","2022-06-21T12:20","0598875516","3",NULL,NULL,"1","2021-08-09 10:20:54","2021-08-12 08:16:06"
"59","468165874454","عبدالعزيز حمبي","2022-06-21T12:20","0598875516","10",NULL,NULL,"1","2021-08-09 12:20:09","2021-08-12 08:18:24"
"60","468165874454","عبدالعزيز حمبي","2021-08-12T11:20","0598875516","3",NULL,NULL,"1","2021-08-09 12:20:09","2021-08-12 08:33:06"
"61","468165874454","عبدالعزيز حمبي","2022-06-21T12:20","0598875516","12",NULL,NULL,"1","2021-08-09 12:17:00","2021-08-12 08:20:36"
"62","468165874454","عبدالعزيز حمبي","2022-06-21T12:20","0598875516","3",NULL,NULL,"1","2021-08-09 12:16:30","2021-08-12 08:16:06"
"63","468165874454","عبدالعزيز حمبي","2022-06-21T12:20","0598875516","7",NULL,NULL,"1","2021-08-09 12:15:58","2021-08-12 08:20:45"
"64","468165874454","عبدالعزيز حمبي","2022-06-21T12:20","0598875516","3",NULL,NULL,"1","2021-08-09 12:15:50","2021-08-12 08:16:06"
"65","468165874454","عبدالعزيز حمبي","2022-06-21T12:20","0598875516","3",NULL,NULL,"1","2021-08-09 12:15:34","2021-08-12 08:16:06"
"66","468165874454","عبدالعزيز حمبي","2022-06-21T12:20","0598875516","3",NULL,NULL,"1","2021-08-09 12:15:22","2021-08-12 08:16:06"
"67","468165874454","عبدالعزيز حمبي","2022-06-21T12:20","0598875516","3",NULL,NULL,"1","2021-08-09 12:15:22","2021-08-12 08:16:06"
"68","468165874454","عبدالعزيز حمبي","2022-06-21T12:20","0598875516","3",NULL,NULL,"1","2021-08-09 12:15:34","2021-08-12 08:16:06"
"69","468165874454","عبدالعزيز حمبي","2022-06-21T12:20","0598875516","3",NULL,NULL,"1","2021-08-09 12:15:50","2021-08-12 08:16:06"
"70","468165874454","عبدالعزيز حمبي","2022-06-21T12:20","0598875516","7",NULL,NULL,"1","2021-08-09 12:15:58","2021-08-12 08:20:45"
"71","468165874454","عبدالعزيز حمبي","2022-06-21T12:20","0598875516","3",NULL,NULL,"1","2021-08-09 12:16:30","2021-08-12 08:16:06"
"72","468165874454","عبدالعزيز حمبي","2022-06-21T12:20","0598875516","12",NULL,NULL,"1","2021-08-09 12:17:00","2021-08-12 08:20:36"
"73","468165874454","عبدالعزيز حمبي","2021-08-12T11:20","0598875516","3",NULL,NULL,"1","2021-08-09 12:20:09","2021-08-12 08:33:06"
"74","468165874454","عبدالعزيز حمبي","2022-06-21T12:20","0598875516","10",NULL,NULL,"1","2021-08-09 12:20:09","2021-08-12 08:18:24"
"75","468165874454","عبدالعزيز حمبي","2022-06-21T12:20","0598875516","3",NULL,NULL,"1","2021-08-09 10:20:54","2021-08-12 08:16:06"
"76","468165874454","عبدالعزيز حمبي","2023-06-21T12:20","0598875516","3",NULL,NULL,"7","2021-08-10 09:21:35","2021-08-12 08:32:08"
"77","1098496366","عبدالعزيز حمبي","2021-08-11T02:30","0598875516","3",NULL,NULL,"7","2021-08-10 09:24:26","2021-08-11 12:37:20"
"78","1098496365","فيصل الحربي","2021-08-16T07:35","0598875516","7",NULL,NULL,"1","2021-08-16 08:17:37","2021-08-16 08:17:37"
"79","1098496365","فيصل الحربي","2021-08-16T07:35","0598875516","7",NULL,NULL,"1","2021-08-16 08:21:16","2021-08-16 08:21:16"
"80","1098496365","فيصل الحربي","2021-08-26T07:35","0598875516","7",NULL,NULL,"1","2021-08-16 08:21:38","2021-08-16 08:21:38"
"81","1098496365","فيصل الحربي","2021-08-26T17:25","0598875516","7",NULL,NULL,"1","2021-08-16 08:22:01","2021-08-16 08:22:01"
"82","1098496365","فيصل الحربي","2021-08-26T17:25","0598875516","7",NULL,NULL,"1","2021-08-16 08:22:01","2021-08-16 08:22:01"
"83","1098496365","فيصل الحربي","2021-08-26T07:35","0598875516","7",NULL,NULL,"1","2021-08-16 08:21:38","2021-08-16 08:21:38"
"84","468165874454","عبدالعزيز حمبي","2023-06-21T12:20","0598875516","3",NULL,NULL,"7","2021-08-10 09:21:35","2021-08-12 08:32:08"
"85","468165874454","عبدالعزيز حمبي","2022-06-21T12:20","0598875516","3",NULL,NULL,"1","2021-08-09 10:20:54","2021-08-12 08:16:06"
"86","468165874454","عبدالعزيز حمبي","2022-06-21T12:20","0598875516","3",NULL,NULL,"1","2021-08-09 10:20:54","2021-08-12 08:16:06"
"87","468165874454","عبدالعزيز حمبي","2023-06-21T12:20","0598875516","3",NULL,NULL,"7","2021-08-10 09:21:35","2021-08-12 08:32:08"
"88","1098496365","فيصل الحربي","2021-08-26T07:35","0598875516","7",NULL,NULL,"1","2021-08-16 08:21:38","2021-08-16 08:21:38"
"89","1098496365","فيصل الحربي","2021-08-26T17:25","0598875516","7",NULL,NULL,"1","2021-08-16 08:22:01","2021-08-16 08:22:01"
"90","1098496365","فيصل الحربي","2021-08-26T17:25","0598875516","7",NULL,NULL,"1","2021-08-16 08:22:01","2021-08-16 08:22:01"
"91","1098496365","فيصل الحربي","2021-08-26T07:35","0598875516","7",NULL,NULL,"1","2021-08-16 08:21:38","2021-08-16 08:21:38"
"92","468165874454","عبدالعزيز حمبي","2022-06-21T12:20","0598875516","3",NULL,NULL,"1","2021-08-09 10:19:07","2021-08-12 08:16:06"
"93","468165874454","عبدالعزيز حمبي","2022-06-21T12:20","0598875516","3",NULL,NULL,"1","2021-08-09 10:19:55","2021-08-12 08:16:06"
"94","468165874454","عبدالعزيز حمبي","2022-06-21T12:20","0598875516","3",NULL,NULL,"1","2021-08-09 10:20:54","2021-08-12 08:16:06"
"95","468165874454","عبدالعزيز حمبي","2022-06-21T12:20","0598875516","3",NULL,NULL,"1","2021-08-09 10:21:19","2021-08-12 08:16:06"
"96","468165874454","عبدالعزيز حمبي","2022-06-21T12:20","0598875516","3",NULL,NULL,"1","2021-08-09 12:06:40","2021-08-12 08:16:06"
"97","468165874454","عبدالعزيز حمبي","2022-06-21T12:20","0598875516","3",NULL,NULL,"1","2021-08-09 12:07:31","2021-08-12 08:16:06"
"98","468165874454","عبدالعزيز حمبي","2022-06-21T12:20","0598875516","3",NULL,NULL,"6","2021-08-09 12:09:24","2021-08-12 08:16:06"
"99","8874422106989","عبدالعزيز جمزة سمران الحربي","2021-08-11T15:06","0598875516","10",NULL,NULL,"5","2021-08-09 12:10:24","2021-08-11 12:36:41"
"100","468165874454","عبدالعزيز حمبي","2022-06-21T12:20","0598875516","3",NULL,NULL,"1","2021-08-09 12:11:06","2021-08-12 08:16:06"
"101","468165874454","عبدالعزيز حمبي","2022-06-21T12:20","0598875516","5",NULL,NULL,"1","2021-08-09 12:12:10","2021-08-12 08:18:07"
"102","468165874454","عبدالعزيز حمبي","2022-06-21T12:20","0598875516","3",NULL,NULL,"1","2021-08-09 12:12:43","2021-08-12 08:16:06"
"103","468165874454","عبدالعزيز حمبي","2022-06-21T12:20","0598875516","3",NULL,NULL,"1","2021-08-09 12:13:17","2021-08-12 08:16:06"
"104","5577787488888","عبدالعزيز جمزة سمران الحربي","2021-07-27T15:06","0598875516","2",NULL,NULL,"1","2021-08-09 12:13:34","2021-08-09 12:13:34"
"105","468165874454","عبدالعزيز حمبي","2022-06-21T12:20","0598875516","3",NULL,NULL,"1","2021-08-09 12:14:11","2021-08-12 08:16:06"
"106","468165874454","عبدالعزيز حمبي","2022-06-21T12:20","0598875516","3",NULL,NULL,"1","2021-08-09 12:15:22","2021-08-12 08:16:06"
"107","468165874454","عبدالعزيز حمبي","2022-06-21T12:20","0598875516","3",NULL,NULL,"1","2021-08-09 12:15:34","2021-08-12 08:16:06"
"108","468165874454","عبدالعزيز حمبي","2022-06-21T12:20","0598875516","3",NULL,NULL,"1","2021-08-09 12:15:50","2021-08-12 08:16:06"
"109","468165874454","عبدالعزيز حمبي","2022-06-21T12:20","0598875516","7",NULL,NULL,"1","2021-08-09 12:15:58","2021-08-12 08:20:45"
"110","468165874454","عبدالعزيز حمبي","2022-06-21T12:20","0598875516","3",NULL,NULL,"1","2021-08-09 12:16:30","2021-08-12 08:16:06"
"111","468165874454","عبدالعزيز حمبي","2022-06-21T12:20","0598875516","12",NULL,NULL,"1","2021-08-09 12:17:00","2021-08-12 08:20:36"
"112","468165874454","عبدالعزيز حمبي","2021-08-12T11:20","0598875516","3",NULL,NULL,"1","2021-08-09 12:20:09","2021-08-12 08:33:06"
"113","468165874454","عبدالعزيز حمبي","2022-06-21T12:20","0598875516","10",NULL,NULL,"1","2021-08-09 12:20:09","2021-08-12 08:18:24"
"114","468165874454","عبدالعزيز حمبي","2022-06-21T12:20","0598875516","3",NULL,NULL,"1","2021-08-09 10:20:54","2021-08-12 08:16:06"
"115","468165874454","عبدالعزيز حمبي","2023-06-21T12:20","0598875516","3",NULL,NULL,"7","2021-08-10 09:21:35","2021-08-12 08:32:08"
"116","1098496366","عبدالعزيز حمبي","2021-08-11T02:30","0598875516","3",NULL,NULL,"7","2021-08-10 09:24:26","2021-08-11 12:37:20"
